condition,severity,slice,ref_tokens,errors,error_rate,utterances_covered,normalization
clean,none,number,6,0,0.0,4,mendspeech.v1
clean,none,negation,5,0,0.0,4,mendspeech.v1
clean,none,name,0,0,,0,mendspeech.v1
additive_noise,mild,number,6,0,0.0,4,mendspeech.v1
additive_noise,mild,negation,5,0,0.0,4,mendspeech.v1
additive_noise,mild,name,0,0,,0,mendspeech.v1
additive_noise,medium,number,6,1,16.6667,4,mendspeech.v1
additive_noise,medium,negation,5,0,0.0,4,mendspeech.v1
additive_noise,medium,name,0,0,,0,mendspeech.v1
additive_noise,severe,number,6,6,100.0,4,mendspeech.v1
additive_noise,severe,negation,5,4,80.0,4,mendspeech.v1
additive_noise,severe,name,0,0,,0,mendspeech.v1
clipping,mild,number,6,0,0.0,4,mendspeech.v1
clipping,mild,negation,5,0,0.0,4,mendspeech.v1
clipping,mild,name,0,0,,0,mendspeech.v1
clipping,medium,number,6,0,0.0,4,mendspeech.v1
clipping,medium,negation,5,0,0.0,4,mendspeech.v1
clipping,medium,name,0,0,,0,mendspeech.v1
clipping,severe,number,6,0,0.0,4,mendspeech.v1
clipping,severe,negation,5,0,0.0,4,mendspeech.v1
clipping,severe,name,0,0,,0,mendspeech.v1
bandwidth,mild,number,6,0,0.0,4,mendspeech.v1
bandwidth,mild,negation,5,0,0.0,4,mendspeech.v1
bandwidth,mild,name,0,0,,0,mendspeech.v1
bandwidth,medium,number,6,0,0.0,4,mendspeech.v1
bandwidth,medium,negation,5,0,0.0,4,mendspeech.v1
bandwidth,medium,name,0,0,,0,mendspeech.v1
bandwidth,severe,number,6,0,0.0,4,mendspeech.v1
bandwidth,severe,negation,5,0,0.0,4,mendspeech.v1
bandwidth,severe,name,0,0,,0,mendspeech.v1
dropout,mild,number,6,0,0.0,4,mendspeech.v1
dropout,mild,negation,5,0,0.0,4,mendspeech.v1
dropout,mild,name,0,0,,0,mendspeech.v1
dropout,medium,number,6,0,0.0,4,mendspeech.v1
dropout,medium,negation,5,0,0.0,4,mendspeech.v1
dropout,medium,name,0,0,,0,mendspeech.v1
dropout,severe,number,6,0,0.0,4,mendspeech.v1
dropout,severe,negation,5,0,0.0,4,mendspeech.v1
dropout,severe,name,0,0,,0,mendspeech.v1
reverberation,mild,number,6,0,0.0,4,mendspeech.v1
reverberation,mild,negation,5,0,0.0,4,mendspeech.v1
reverberation,mild,name,0,0,,0,mendspeech.v1
reverberation,medium,number,6,0,0.0,4,mendspeech.v1
reverberation,medium,negation,5,0,0.0,4,mendspeech.v1
reverberation,medium,name,0,0,,0,mendspeech.v1
reverberation,severe,number,6,0,0.0,4,mendspeech.v1
reverberation,severe,negation,5,1,20.0,4,mendspeech.v1
reverberation,severe,name,0,0,,0,mendspeech.v1
