clip_id,condition,severity,seed,bin_lower,bin_upper,words,correct,accuracy,deleted_words,mean_frame_confidence,mean_token_confidence,min_token_confidence,normalization
1919-142785-0000,clean,none,-1,0.7,0.9,1,1,100.0,0,0.985045,0.951914,0.883975,mendspeech.v1
1919-142785-0000,clean,none,-1,0.95,1.0,2,2,100.0,0,0.985045,0.951914,0.883975,mendspeech.v1
1919-142785-0000,additive_noise,mild,42,0.95,1.0,3,3,100.0,0,0.986227,0.999719,0.99965,mendspeech.v1
1919-142785-0000,additive_noise,medium,42,0.95,1.0,3,3,100.0,0,0.981158,0.9955,0.989325,mendspeech.v1
1919-142785-0000,additive_noise,severe,42,0.7,0.9,3,2,66.6667,0,0.940346,0.846447,0.837125,mendspeech.v1
1919-142785-0000,clipping,mild,42,0.7,0.9,1,1,100.0,0,0.985045,0.951914,0.883975,mendspeech.v1
1919-142785-0000,clipping,mild,42,0.95,1.0,2,2,100.0,0,0.985045,0.951914,0.883975,mendspeech.v1
1919-142785-0000,clipping,medium,42,0.7,0.9,1,1,100.0,0,0.985545,0.958525,0.875725,mendspeech.v1
1919-142785-0000,clipping,medium,42,0.95,1.0,2,2,100.0,0,0.985545,0.958525,0.875725,mendspeech.v1
1919-142785-0000,clipping,severe,42,0.95,1.0,3,3,100.0,0,0.988386,0.997117,0.991833,mendspeech.v1
1919-142785-0000,bandwidth,mild,42,0.9,0.95,1,1,100.0,0,0.989218,0.980956,0.943925,mendspeech.v1
1919-142785-0000,bandwidth,mild,42,0.95,1.0,2,2,100.0,0,0.989218,0.980956,0.943925,mendspeech.v1
1919-142785-0000,bandwidth,medium,42,0.7,0.9,1,1,100.0,0,0.985297,0.958425,0.895225,mendspeech.v1
1919-142785-0000,bandwidth,medium,42,0.95,1.0,2,2,100.0,0,0.985297,0.958425,0.895225,mendspeech.v1
1919-142785-0000,bandwidth,severe,42,0.7,0.9,1,0,0.0,0,0.947269,0.873309,0.73596,mendspeech.v1
1919-142785-0000,bandwidth,severe,42,0.95,1.0,2,2,100.0,0,0.947269,0.873309,0.73596,mendspeech.v1
1919-142785-0000,dropout,mild,42,0.9,0.95,1,1,100.0,0,0.986408,0.956186,0.900875,mendspeech.v1
1919-142785-0000,dropout,mild,42,0.95,1.0,2,2,100.0,0,0.986408,0.956186,0.900875,mendspeech.v1
1919-142785-0000,dropout,medium,42,0.9,0.95,1,1,100.0,0,0.988487,0.956989,0.9002,mendspeech.v1
1919-142785-0000,dropout,medium,42,0.95,1.0,2,2,100.0,0,0.988487,0.956989,0.9002,mendspeech.v1
1919-142785-0000,dropout,severe,42,0.95,1.0,1,1,100.0,2,0.982878,0.99615,0.99615,mendspeech.v1
1919-142785-0000,reverberation,mild,42,0.9,0.95,1,1,100.0,0,0.983756,0.965997,0.935167,mendspeech.v1
1919-142785-0000,reverberation,mild,42,0.95,1.0,2,2,100.0,0,0.983756,0.965997,0.935167,mendspeech.v1
1919-142785-0000,reverberation,medium,42,0.9,0.95,2,2,100.0,0,0.978807,0.949725,0.929833,mendspeech.v1
1919-142785-0000,reverberation,medium,42,0.95,1.0,1,1,100.0,0,0.978807,0.949725,0.929833,mendspeech.v1
1919-142785-0000,reverberation,severe,42,0.5,0.7,1,0,0.0,0,0.958423,0.822706,0.673667,mendspeech.v1
1919-142785-0000,reverberation,severe,42,0.7,0.9,1,1,100.0,0,0.958423,0.822706,0.673667,mendspeech.v1
1919-142785-0000,reverberation,severe,42,0.95,1.0,1,1,100.0,0,0.958423,0.822706,0.673667,mendspeech.v1
1919-142785-0001,clean,none,-1,0.5,0.7,1,1,100.0,0,0.970029,0.975783,0.5915,mendspeech.v1
1919-142785-0001,clean,none,-1,0.7,0.9,1,0,0.0,0,0.970029,0.975783,0.5915,mendspeech.v1
1919-142785-0001,clean,none,-1,0.95,1.0,30,30,100.0,0,0.970029,0.975783,0.5915,mendspeech.v1
1919-142785-0001,additive_noise,mild,42,0.7,0.9,2,0,0.0,0,0.964115,0.981061,0.84115,mendspeech.v1
1919-142785-0001,additive_noise,mild,42,0.9,0.95,2,2,100.0,0,0.964115,0.981061,0.84115,mendspeech.v1
1919-142785-0001,additive_noise,mild,42,0.95,1.0,28,28,100.0,0,0.964115,0.981061,0.84115,mendspeech.v1
1919-142785-0001,additive_noise,medium,42,0.7,0.9,5,1,20.0,0,0.957597,0.96703,0.82235,mendspeech.v1
1919-142785-0001,additive_noise,medium,42,0.9,0.95,2,2,100.0,0,0.957597,0.96703,0.82235,mendspeech.v1
1919-142785-0001,additive_noise,medium,42,0.95,1.0,25,24,96.0,0,0.957597,0.96703,0.82235,mendspeech.v1
1919-142785-0001,additive_noise,severe,42,0.0,0.5,26,1,3.8462,0,0.780259,0.418944,0.2614,mendspeech.v1
1919-142785-0001,additive_noise,severe,42,0.5,0.7,6,1,16.6667,0,0.780259,0.418944,0.2614,mendspeech.v1
1919-142785-0001,clipping,mild,42,0.5,0.7,1,1,100.0,0,0.970053,0.975419,0.5801,mendspeech.v1
1919-142785-0001,clipping,mild,42,0.7,0.9,1,0,0.0,0,0.970053,0.975419,0.5801,mendspeech.v1
1919-142785-0001,clipping,mild,42,0.95,1.0,30,30,100.0,0,0.970053,0.975419,0.5801,mendspeech.v1
1919-142785-0001,clipping,medium,42,0.7,0.9,1,0,0.0,0,0.970003,0.984911,0.846083,mendspeech.v1
1919-142785-0001,clipping,medium,42,0.9,0.95,1,1,100.0,0,0.970003,0.984911,0.846083,mendspeech.v1
1919-142785-0001,clipping,medium,42,0.95,1.0,30,30,100.0,0,0.970003,0.984911,0.846083,mendspeech.v1
1919-142785-0001,clipping,severe,42,0.7,0.9,1,0,0.0,0,0.966968,0.984065,0.884083,mendspeech.v1
1919-142785-0001,clipping,severe,42,0.9,0.95,1,1,100.0,0,0.966968,0.984065,0.884083,mendspeech.v1
1919-142785-0001,clipping,severe,42,0.95,1.0,30,29,96.6667,0,0.966968,0.984065,0.884083,mendspeech.v1
1919-142785-0001,bandwidth,mild,42,0.7,0.9,2,1,50.0,0,0.966864,0.982834,0.82165,mendspeech.v1
1919-142785-0001,bandwidth,mild,42,0.9,0.95,2,2,100.0,0,0.966864,0.982834,0.82165,mendspeech.v1
1919-142785-0001,bandwidth,mild,42,0.95,1.0,28,28,100.0,0,0.966864,0.982834,0.82165,mendspeech.v1
1919-142785-0001,bandwidth,medium,42,0.7,0.9,3,1,33.3333,0,0.97051,0.981044,0.866617,mendspeech.v1
1919-142785-0001,bandwidth,medium,42,0.9,0.95,2,2,100.0,0,0.97051,0.981044,0.866617,mendspeech.v1
1919-142785-0001,bandwidth,medium,42,0.95,1.0,27,27,100.0,0,0.97051,0.981044,0.866617,mendspeech.v1
1919-142785-0001,bandwidth,severe,42,0.7,0.9,3,2,66.6667,0,0.970717,0.969774,0.861533,mendspeech.v1
1919-142785-0001,bandwidth,severe,42,0.9,0.95,5,3,60.0,0,0.970717,0.969774,0.861533,mendspeech.v1
1919-142785-0001,bandwidth,severe,42,0.95,1.0,24,23,95.8333,0,0.970717,0.969774,0.861533,mendspeech.v1
1919-142785-0001,dropout,mild,42,0.7,0.9,1,0,0.0,0,0.969366,0.988106,0.843583,mendspeech.v1
1919-142785-0001,dropout,mild,42,0.95,1.0,31,31,100.0,0,0.969366,0.988106,0.843583,mendspeech.v1
1919-142785-0001,dropout,medium,42,0.7,0.9,1,0,0.0,0,0.966264,0.984304,0.833333,mendspeech.v1
1919-142785-0001,dropout,medium,42,0.9,0.95,2,2,100.0,0,0.966264,0.984304,0.833333,mendspeech.v1
1919-142785-0001,dropout,medium,42,0.95,1.0,29,29,100.0,0,0.966264,0.984304,0.833333,mendspeech.v1
1919-142785-0001,dropout,severe,42,0.7,0.9,3,1,33.3333,0,0.958839,0.974561,0.83615,mendspeech.v1
1919-142785-0001,dropout,severe,42,0.9,0.95,3,2,66.6667,0,0.958839,0.974561,0.83615,mendspeech.v1
1919-142785-0001,dropout,severe,42,0.95,1.0,26,26,100.0,0,0.958839,0.974561,0.83615,mendspeech.v1
1919-142785-0001,reverberation,mild,42,0.7,0.9,3,2,66.6667,1,0.961768,0.972394,0.84776,mendspeech.v1
1919-142785-0001,reverberation,mild,42,0.9,0.95,2,1,50.0,1,0.961768,0.972394,0.84776,mendspeech.v1
1919-142785-0001,reverberation,mild,42,0.95,1.0,26,26,100.0,1,0.961768,0.972394,0.84776,mendspeech.v1
1919-142785-0001,reverberation,medium,42,0.5,0.7,2,0,0.0,1,0.946281,0.936652,0.5161,mendspeech.v1
1919-142785-0001,reverberation,medium,42,0.7,0.9,5,3,60.0,1,0.946281,0.936652,0.5161,mendspeech.v1
1919-142785-0001,reverberation,medium,42,0.9,0.95,2,2,100.0,1,0.946281,0.936652,0.5161,mendspeech.v1
1919-142785-0001,reverberation,medium,42,0.95,1.0,22,22,100.0,1,0.946281,0.936652,0.5161,mendspeech.v1
1919-142785-0001,reverberation,severe,42,0.0,0.5,2,0,0.0,4,0.896522,0.811051,0.43445,mendspeech.v1
1919-142785-0001,reverberation,severe,42,0.5,0.7,3,0,0.0,4,0.896522,0.811051,0.43445,mendspeech.v1
1919-142785-0001,reverberation,severe,42,0.7,0.9,13,6,46.1538,4,0.896522,0.811051,0.43445,mendspeech.v1
1919-142785-0001,reverberation,severe,42,0.9,0.95,4,2,50.0,4,0.896522,0.811051,0.43445,mendspeech.v1
1919-142785-0001,reverberation,severe,42,0.95,1.0,6,5,83.3333,4,0.896522,0.811051,0.43445,mendspeech.v1
1919-142785-0002,clean,none,-1,0.7,0.9,1,0,0.0,0,0.971155,0.981994,0.853712,mendspeech.v1
1919-142785-0002,clean,none,-1,0.9,0.95,2,2,100.0,0,0.971155,0.981994,0.853712,mendspeech.v1
1919-142785-0002,clean,none,-1,0.95,1.0,24,24,100.0,0,0.971155,0.981994,0.853712,mendspeech.v1
1919-142785-0002,additive_noise,mild,42,0.9,0.95,5,4,80.0,0,0.967372,0.981009,0.90776,mendspeech.v1
1919-142785-0002,additive_noise,mild,42,0.95,1.0,22,22,100.0,0,0.967372,0.981009,0.90776,mendspeech.v1
1919-142785-0002,additive_noise,medium,42,0.7,0.9,4,2,50.0,0,0.961785,0.966729,0.727267,mendspeech.v1
1919-142785-0002,additive_noise,medium,42,0.9,0.95,1,1,100.0,0,0.961785,0.966729,0.727267,mendspeech.v1
1919-142785-0002,additive_noise,medium,42,0.95,1.0,22,22,100.0,0,0.961785,0.966729,0.727267,mendspeech.v1
1919-142785-0002,additive_noise,severe,42,0.0,0.5,13,1,7.6923,9,0.847993,0.458529,0.2321,mendspeech.v1
1919-142785-0002,additive_noise,severe,42,0.5,0.7,4,0,0.0,9,0.847993,0.458529,0.2321,mendspeech.v1
1919-142785-0002,additive_noise,severe,42,0.95,1.0,1,1,100.0,9,0.847993,0.458529,0.2321,mendspeech.v1
1919-142785-0002,clipping,mild,42,0.7,0.9,1,0,0.0,0,0.971155,0.981994,0.853712,mendspeech.v1
1919-142785-0002,clipping,mild,42,0.9,0.95,2,2,100.0,0,0.971155,0.981994,0.853712,mendspeech.v1
1919-142785-0002,clipping,mild,42,0.95,1.0,24,24,100.0,0,0.971155,0.981994,0.853712,mendspeech.v1
1919-142785-0002,clipping,medium,42,0.7,0.9,1,0,0.0,0,0.971199,0.981501,0.854775,mendspeech.v1
1919-142785-0002,clipping,medium,42,0.9,0.95,2,2,100.0,0,0.971199,0.981501,0.854775,mendspeech.v1
1919-142785-0002,clipping,medium,42,0.95,1.0,24,24,100.0,0,0.971199,0.981501,0.854775,mendspeech.v1
1919-142785-0002,clipping,severe,42,0.7,0.9,2,1,50.0,0,0.969473,0.982434,0.87528,mendspeech.v1
1919-142785-0002,clipping,severe,42,0.95,1.0,25,25,100.0,0,0.969473,0.982434,0.87528,mendspeech.v1
1919-142785-0002,bandwidth,mild,42,0.9,0.95,2,1,50.0,0,0.965649,0.984858,0.901925,mendspeech.v1
1919-142785-0002,bandwidth,mild,42,0.95,1.0,25,25,100.0,0,0.965649,0.984858,0.901925,mendspeech.v1
1919-142785-0002,bandwidth,medium,42,0.9,0.95,4,3,75.0,0,0.968481,0.985648,0.919713,mendspeech.v1
1919-142785-0002,bandwidth,medium,42,0.95,1.0,23,23,100.0,0,0.968481,0.985648,0.919713,mendspeech.v1
1919-142785-0002,bandwidth,severe,42,0.7,0.9,1,1,100.0,0,0.969705,0.980837,0.897214,mendspeech.v1
1919-142785-0002,bandwidth,severe,42,0.9,0.95,3,2,66.6667,0,0.969705,0.980837,0.897214,mendspeech.v1
1919-142785-0002,bandwidth,severe,42,0.95,1.0,23,23,100.0,0,0.969705,0.980837,0.897214,mendspeech.v1
1919-142785-0002,dropout,mild,42,0.7,0.9,1,0,0.0,0,0.969879,0.983604,0.853738,mendspeech.v1
1919-142785-0002,dropout,mild,42,0.9,0.95,2,2,100.0,0,0.969879,0.983604,0.853738,mendspeech.v1
1919-142785-0002,dropout,mild,42,0.95,1.0,24,24,100.0,0,0.969879,0.983604,0.853738,mendspeech.v1
1919-142785-0002,dropout,medium,42,0.7,0.9,1,0,0.0,0,0.972163,0.986817,0.856088,mendspeech.v1
1919-142785-0002,dropout,medium,42,0.9,0.95,1,1,100.0,0,0.972163,0.986817,0.856088,mendspeech.v1
1919-142785-0002,dropout,medium,42,0.95,1.0,25,25,100.0,0,0.972163,0.986817,0.856088,mendspeech.v1
1919-142785-0002,dropout,severe,42,0.5,0.7,1,0,0.0,1,0.962333,0.95768,0.6608,mendspeech.v1
1919-142785-0002,dropout,severe,42,0.7,0.9,3,2,66.6667,1,0.962333,0.95768,0.6608,mendspeech.v1
1919-142785-0002,dropout,severe,42,0.9,0.95,2,2,100.0,1,0.962333,0.95768,0.6608,mendspeech.v1
1919-142785-0002,dropout,severe,42,0.95,1.0,20,20,100.0,1,0.962333,0.95768,0.6608,mendspeech.v1
1919-142785-0002,reverberation,mild,42,0.7,0.9,2,1,50.0,0,0.969822,0.980237,0.824325,mendspeech.v1
1919-142785-0002,reverberation,mild,42,0.9,0.95,2,2,100.0,0,0.969822,0.980237,0.824325,mendspeech.v1
1919-142785-0002,reverberation,mild,42,0.95,1.0,23,23,100.0,0,0.969822,0.980237,0.824325,mendspeech.v1
1919-142785-0002,reverberation,medium,42,0.9,0.95,3,2,66.6667,0,0.970034,0.981598,0.90295,mendspeech.v1
1919-142785-0002,reverberation,medium,42,0.95,1.0,24,24,100.0,0,0.970034,0.981598,0.90295,mendspeech.v1
1919-142785-0002,reverberation,severe,42,0.7,0.9,10,4,40.0,6,0.930136,0.895752,0.71189,mendspeech.v1
1919-142785-0002,reverberation,severe,42,0.9,0.95,2,2,100.0,6,0.930136,0.895752,0.71189,mendspeech.v1
1919-142785-0002,reverberation,severe,42,0.95,1.0,9,9,100.0,6,0.930136,0.895752,0.71189,mendspeech.v1
1919-142785-0003,clean,none,-1,0.7,0.9,2,2,100.0,0,0.983334,0.974373,0.82755,mendspeech.v1
1919-142785-0003,clean,none,-1,0.95,1.0,13,13,100.0,0,0.983334,0.974373,0.82755,mendspeech.v1
1919-142785-0003,additive_noise,mild,42,0.9,0.95,1,1,100.0,0,0.979244,0.990061,0.9121,mendspeech.v1
1919-142785-0003,additive_noise,mild,42,0.95,1.0,14,14,100.0,0,0.979244,0.990061,0.9121,mendspeech.v1
1919-142785-0003,additive_noise,medium,42,0.7,0.9,3,3,100.0,0,0.969727,0.967863,0.8271,mendspeech.v1
1919-142785-0003,additive_noise,medium,42,0.95,1.0,12,12,100.0,0,0.969727,0.967863,0.8271,mendspeech.v1
1919-142785-0003,additive_noise,severe,42,0.0,0.5,5,0,0.0,0,0.832564,0.589644,0.37122,mendspeech.v1
1919-142785-0003,additive_noise,severe,42,0.5,0.7,5,1,20.0,0,0.832564,0.589644,0.37122,mendspeech.v1
1919-142785-0003,additive_noise,severe,42,0.7,0.9,4,0,0.0,0,0.832564,0.589644,0.37122,mendspeech.v1
1919-142785-0003,additive_noise,severe,42,0.9,0.95,1,1,100.0,0,0.832564,0.589644,0.37122,mendspeech.v1
1919-142785-0003,clipping,mild,42,0.7,0.9,2,2,100.0,0,0.98327,0.974242,0.82795,mendspeech.v1
1919-142785-0003,clipping,mild,42,0.95,1.0,13,13,100.0,0,0.98327,0.974242,0.82795,mendspeech.v1
1919-142785-0003,clipping,medium,42,0.9,0.95,1,1,100.0,0,0.984298,0.988746,0.91,mendspeech.v1
1919-142785-0003,clipping,medium,42,0.95,1.0,14,14,100.0,0,0.984298,0.988746,0.91,mendspeech.v1
1919-142785-0003,clipping,severe,42,0.95,1.0,15,15,100.0,0,0.988094,0.99533,0.95098,mendspeech.v1
1919-142785-0003,bandwidth,mild,42,0.7,0.9,1,1,100.0,0,0.980431,0.98337,0.838633,mendspeech.v1
1919-142785-0003,bandwidth,mild,42,0.9,0.95,1,1,100.0,0,0.980431,0.98337,0.838633,mendspeech.v1
1919-142785-0003,bandwidth,mild,42,0.95,1.0,13,13,100.0,0,0.980431,0.98337,0.838633,mendspeech.v1
1919-142785-0003,bandwidth,medium,42,0.95,1.0,15,15,100.0,0,0.982461,0.99682,0.95638,mendspeech.v1
1919-142785-0003,bandwidth,severe,42,0.7,0.9,1,1,100.0,0,0.976241,0.970693,0.8316,mendspeech.v1
1919-142785-0003,bandwidth,severe,42,0.9,0.95,3,3,100.0,0,0.976241,0.970693,0.8316,mendspeech.v1
1919-142785-0003,bandwidth,severe,42,0.95,1.0,11,11,100.0,0,0.976241,0.970693,0.8316,mendspeech.v1
1919-142785-0003,dropout,mild,42,0.7,0.9,1,1,100.0,0,0.981489,0.97246,0.7918,mendspeech.v1
1919-142785-0003,dropout,mild,42,0.9,0.95,1,1,100.0,0,0.981489,0.97246,0.7918,mendspeech.v1
1919-142785-0003,dropout,mild,42,0.95,1.0,13,13,100.0,0,0.981489,0.97246,0.7918,mendspeech.v1
1919-142785-0003,dropout,medium,42,0.9,0.95,2,2,100.0,0,0.981757,0.987889,0.926033,mendspeech.v1
1919-142785-0003,dropout,medium,42,0.95,1.0,13,13,100.0,0,0.981757,0.987889,0.926033,mendspeech.v1
1919-142785-0003,dropout,severe,42,0.5,0.7,1,0,0.0,0,0.96382,0.931461,0.647267,mendspeech.v1
1919-142785-0003,dropout,severe,42,0.7,0.9,2,2,100.0,0,0.96382,0.931461,0.647267,mendspeech.v1
1919-142785-0003,dropout,severe,42,0.95,1.0,12,12,100.0,0,0.96382,0.931461,0.647267,mendspeech.v1
1919-142785-0003,reverberation,mild,42,0.7,0.9,1,1,100.0,0,0.981393,0.99118,0.885525,mendspeech.v1
1919-142785-0003,reverberation,mild,42,0.95,1.0,14,14,100.0,0,0.981393,0.99118,0.885525,mendspeech.v1
1919-142785-0003,reverberation,medium,42,0.9,0.95,2,1,50.0,0,0.967326,0.977608,0.9128,mendspeech.v1
1919-142785-0003,reverberation,medium,42,0.95,1.0,13,13,100.0,0,0.967326,0.977608,0.9128,mendspeech.v1
1919-142785-0003,reverberation,severe,42,0.0,0.5,1,0,0.0,0,0.921651,0.879074,0.4526,mendspeech.v1
1919-142785-0003,reverberation,severe,42,0.5,0.7,2,0,0.0,0,0.921651,0.879074,0.4526,mendspeech.v1
1919-142785-0003,reverberation,severe,42,0.7,0.9,1,0,0.0,0,0.921651,0.879074,0.4526,mendspeech.v1
1919-142785-0003,reverberation,severe,42,0.9,0.95,5,3,60.0,0,0.921651,0.879074,0.4526,mendspeech.v1
1919-142785-0003,reverberation,severe,42,0.95,1.0,6,6,100.0,0,0.921651,0.879074,0.4526,mendspeech.v1
1919-142785-0004,clean,none,-1,0.7,0.9,1,1,100.0,0,0.983221,0.991442,0.86405,mendspeech.v1
1919-142785-0004,clean,none,-1,0.95,1.0,24,24,100.0,0,0.983221,0.991442,0.86405,mendspeech.v1
1919-142785-0004,additive_noise,mild,42,0.9,0.95,1,1,100.0,0,0.980345,0.993757,0.9261,mendspeech.v1
1919-142785-0004,additive_noise,mild,42,0.95,1.0,24,24,100.0,0,0.980345,0.993757,0.9261,mendspeech.v1
1919-142785-0004,additive_noise,medium,42,0.5,0.7,1,1,100.0,0,0.982828,0.973059,0.67675,mendspeech.v1
1919-142785-0004,additive_noise,medium,42,0.7,0.9,1,1,100.0,0,0.982828,0.973059,0.67675,mendspeech.v1
1919-142785-0004,additive_noise,medium,42,0.9,0.95,2,2,100.0,0,0.982828,0.973059,0.67675,mendspeech.v1
1919-142785-0004,additive_noise,medium,42,0.95,1.0,21,21,100.0,0,0.982828,0.973059,0.67675,mendspeech.v1
1919-142785-0004,additive_noise,severe,42,0.0,0.5,3,0,0.0,6,0.907977,0.747851,0.337833,mendspeech.v1
1919-142785-0004,additive_noise,severe,42,0.5,0.7,4,1,25.0,6,0.907977,0.747851,0.337833,mendspeech.v1
1919-142785-0004,additive_noise,severe,42,0.7,0.9,5,4,80.0,6,0.907977,0.747851,0.337833,mendspeech.v1
1919-142785-0004,additive_noise,severe,42,0.9,0.95,3,2,66.6667,6,0.907977,0.747851,0.337833,mendspeech.v1
1919-142785-0004,additive_noise,severe,42,0.95,1.0,4,4,100.0,6,0.907977,0.747851,0.337833,mendspeech.v1
1919-142785-0004,clipping,mild,42,0.7,0.9,1,1,100.0,0,0.983221,0.991434,0.864,mendspeech.v1
1919-142785-0004,clipping,mild,42,0.95,1.0,24,24,100.0,0,0.983221,0.991434,0.864,mendspeech.v1
1919-142785-0004,clipping,medium,42,0.7,0.9,2,2,100.0,0,0.982822,0.988118,0.865775,mendspeech.v1
1919-142785-0004,clipping,medium,42,0.95,1.0,23,23,100.0,0,0.982822,0.988118,0.865775,mendspeech.v1
1919-142785-0004,clipping,severe,42,0.7,0.9,1,1,100.0,0,0.98301,0.989723,0.8913,mendspeech.v1
1919-142785-0004,clipping,severe,42,0.9,0.95,1,1,100.0,0,0.98301,0.989723,0.8913,mendspeech.v1
1919-142785-0004,clipping,severe,42,0.95,1.0,23,23,100.0,0,0.98301,0.989723,0.8913,mendspeech.v1
1919-142785-0004,bandwidth,mild,42,0.95,1.0,25,25,100.0,0,0.98129,0.991847,0.951,mendspeech.v1
1919-142785-0004,bandwidth,medium,42,0.9,0.95,2,2,100.0,0,0.983191,0.989119,0.91048,mendspeech.v1
1919-142785-0004,bandwidth,medium,42,0.95,1.0,23,23,100.0,0,0.983191,0.989119,0.91048,mendspeech.v1
1919-142785-0004,bandwidth,severe,42,0.7,0.9,3,3,100.0,0,0.976597,0.972536,0.8832,mendspeech.v1
1919-142785-0004,bandwidth,severe,42,0.9,0.95,4,4,100.0,0,0.976597,0.972536,0.8832,mendspeech.v1
1919-142785-0004,bandwidth,severe,42,0.95,1.0,18,18,100.0,0,0.976597,0.972536,0.8832,mendspeech.v1
1919-142785-0004,dropout,mild,42,0.7,0.9,1,1,100.0,0,0.979914,0.991916,0.89875,mendspeech.v1
1919-142785-0004,dropout,mild,42,0.95,1.0,24,24,100.0,0,0.979914,0.991916,0.89875,mendspeech.v1
1919-142785-0004,dropout,medium,42,0.7,0.9,1,1,100.0,0,0.984,0.991441,0.8885,mendspeech.v1
1919-142785-0004,dropout,medium,42,0.95,1.0,24,24,100.0,0,0.984,0.991441,0.8885,mendspeech.v1
1919-142785-0004,dropout,severe,42,0.5,0.7,1,0,0.0,1,0.965578,0.937297,0.5221,mendspeech.v1
1919-142785-0004,dropout,severe,42,0.7,0.9,2,2,100.0,1,0.965578,0.937297,0.5221,mendspeech.v1
1919-142785-0004,dropout,severe,42,0.95,1.0,21,21,100.0,1,0.965578,0.937297,0.5221,mendspeech.v1
1919-142785-0004,reverberation,mild,42,0.9,0.95,2,2,100.0,0,0.978875,0.993532,0.92636,mendspeech.v1
1919-142785-0004,reverberation,mild,42,0.95,1.0,23,23,100.0,0,0.978875,0.993532,0.92636,mendspeech.v1
1919-142785-0004,reverberation,medium,42,0.7,0.9,3,3,100.0,0,0.97501,0.969398,0.84385,mendspeech.v1
1919-142785-0004,reverberation,medium,42,0.9,0.95,2,2,100.0,0,0.97501,0.969398,0.84385,mendspeech.v1
1919-142785-0004,reverberation,medium,42,0.95,1.0,20,20,100.0,0,0.97501,0.969398,0.84385,mendspeech.v1
1919-142785-0004,reverberation,severe,42,0.5,0.7,4,0,0.0,2,0.922901,0.850701,0.52,mendspeech.v1
1919-142785-0004,reverberation,severe,42,0.7,0.9,6,2,33.3333,2,0.922901,0.850701,0.52,mendspeech.v1
1919-142785-0004,reverberation,severe,42,0.9,0.95,3,2,66.6667,2,0.922901,0.850701,0.52,mendspeech.v1
1919-142785-0004,reverberation,severe,42,0.95,1.0,10,9,90.0,2,0.922901,0.850701,0.52,mendspeech.v1
1919-142785-0005,clean,none,-1,0.7,0.9,5,5,100.0,0,0.972355,0.974782,0.8264,mendspeech.v1
1919-142785-0005,clean,none,-1,0.9,0.95,1,1,100.0,0,0.972355,0.974782,0.8264,mendspeech.v1
1919-142785-0005,clean,none,-1,0.95,1.0,44,44,100.0,0,0.972355,0.974782,0.8264,mendspeech.v1
1919-142785-0005,additive_noise,mild,42,0.5,0.7,1,1,100.0,0,0.968086,0.959936,0.692967,mendspeech.v1
1919-142785-0005,additive_noise,mild,42,0.7,0.9,5,4,80.0,0,0.968086,0.959936,0.692967,mendspeech.v1
1919-142785-0005,additive_noise,mild,42,0.9,0.95,11,11,100.0,0,0.968086,0.959936,0.692967,mendspeech.v1
1919-142785-0005,additive_noise,mild,42,0.95,1.0,33,33,100.0,0,0.968086,0.959936,0.692967,mendspeech.v1
1919-142785-0005,additive_noise,medium,42,0.5,0.7,1,0,0.0,0,0.961436,0.953515,0.59365,mendspeech.v1
1919-142785-0005,additive_noise,medium,42,0.7,0.9,7,6,85.7143,0,0.961436,0.953515,0.59365,mendspeech.v1
1919-142785-0005,additive_noise,medium,42,0.9,0.95,6,5,83.3333,0,0.961436,0.953515,0.59365,mendspeech.v1
1919-142785-0005,additive_noise,medium,42,0.95,1.0,36,36,100.0,0,0.961436,0.953515,0.59365,mendspeech.v1
1919-142785-0005,additive_noise,severe,42,0.0,0.5,39,0,0.0,0,0.812257,0.418441,0.2722,mendspeech.v1
1919-142785-0005,additive_noise,severe,42,0.5,0.7,10,2,20.0,0,0.812257,0.418441,0.2722,mendspeech.v1
1919-142785-0005,additive_noise,severe,42,0.7,0.9,1,0,0.0,0,0.812257,0.418441,0.2722,mendspeech.v1
1919-142785-0005,clipping,mild,42,0.7,0.9,5,5,100.0,0,0.972359,0.974782,0.826433,mendspeech.v1
1919-142785-0005,clipping,mild,42,0.9,0.95,1,1,100.0,0,0.972359,0.974782,0.826433,mendspeech.v1
1919-142785-0005,clipping,mild,42,0.95,1.0,44,44,100.0,0,0.972359,0.974782,0.826433,mendspeech.v1
1919-142785-0005,clipping,medium,42,0.7,0.9,3,3,100.0,0,0.972427,0.977496,0.824733,mendspeech.v1
1919-142785-0005,clipping,medium,42,0.9,0.95,3,3,100.0,0,0.972427,0.977496,0.824733,mendspeech.v1
1919-142785-0005,clipping,medium,42,0.95,1.0,44,44,100.0,0,0.972427,0.977496,0.824733,mendspeech.v1
1919-142785-0005,clipping,severe,42,0.7,0.9,2,2,100.0,0,0.970001,0.979223,0.8409,mendspeech.v1
1919-142785-0005,clipping,severe,42,0.9,0.95,6,6,100.0,0,0.970001,0.979223,0.8409,mendspeech.v1
1919-142785-0005,clipping,severe,42,0.95,1.0,42,42,100.0,0,0.970001,0.979223,0.8409,mendspeech.v1
1919-142785-0005,bandwidth,mild,42,0.7,0.9,5,4,80.0,0,0.968684,0.969729,0.7756,mendspeech.v1
1919-142785-0005,bandwidth,mild,42,0.9,0.95,7,7,100.0,0,0.968684,0.969729,0.7756,mendspeech.v1
1919-142785-0005,bandwidth,mild,42,0.95,1.0,38,38,100.0,0,0.968684,0.969729,0.7756,mendspeech.v1
1919-142785-0005,bandwidth,medium,42,0.5,0.7,1,0,0.0,0,0.971779,0.969017,0.571,mendspeech.v1
1919-142785-0005,bandwidth,medium,42,0.7,0.9,2,2,100.0,0,0.971779,0.969017,0.571,mendspeech.v1
1919-142785-0005,bandwidth,medium,42,0.9,0.95,5,5,100.0,0,0.971779,0.969017,0.571,mendspeech.v1
1919-142785-0005,bandwidth,medium,42,0.95,1.0,42,42,100.0,0,0.971779,0.969017,0.571,mendspeech.v1
1919-142785-0005,bandwidth,severe,42,0.5,0.7,1,1,100.0,1,0.964501,0.964972,0.698625,mendspeech.v1
1919-142785-0005,bandwidth,severe,42,0.7,0.9,5,2,40.0,1,0.964501,0.964972,0.698625,mendspeech.v1
1919-142785-0005,bandwidth,severe,42,0.9,0.95,5,5,100.0,1,0.964501,0.964972,0.698625,mendspeech.v1
1919-142785-0005,bandwidth,severe,42,0.95,1.0,38,36,94.7368,1,0.964501,0.964972,0.698625,mendspeech.v1
1919-142785-0005,dropout,mild,42,0.7,0.9,4,4,100.0,0,0.972181,0.976217,0.830367,mendspeech.v1
1919-142785-0005,dropout,mild,42,0.9,0.95,1,1,100.0,0,0.972181,0.976217,0.830367,mendspeech.v1
1919-142785-0005,dropout,mild,42,0.95,1.0,45,45,100.0,0,0.972181,0.976217,0.830367,mendspeech.v1
1919-142785-0005,dropout,medium,42,0.7,0.9,2,2,100.0,0,0.971892,0.977531,0.843633,mendspeech.v1
1919-142785-0005,dropout,medium,42,0.9,0.95,7,7,100.0,0,0.971892,0.977531,0.843633,mendspeech.v1
1919-142785-0005,dropout,medium,42,0.95,1.0,41,41,100.0,0,0.971892,0.977531,0.843633,mendspeech.v1
1919-142785-0005,dropout,severe,42,0.7,0.9,2,1,50.0,2,0.97189,0.977172,0.79788,mendspeech.v1
1919-142785-0005,dropout,severe,42,0.9,0.95,3,3,100.0,2,0.97189,0.977172,0.79788,mendspeech.v1
1919-142785-0005,dropout,severe,42,0.95,1.0,43,42,97.6744,2,0.97189,0.977172,0.79788,mendspeech.v1
1919-142785-0005,reverberation,mild,42,0.7,0.9,2,2,100.0,0,0.972782,0.97563,0.781,mendspeech.v1
1919-142785-0005,reverberation,mild,42,0.9,0.95,7,7,100.0,0,0.972782,0.97563,0.781,mendspeech.v1
1919-142785-0005,reverberation,mild,42,0.95,1.0,41,41,100.0,0,0.972782,0.97563,0.781,mendspeech.v1
1919-142785-0005,reverberation,medium,42,0.7,0.9,9,5,55.5556,1,0.96312,0.959867,0.7325,mendspeech.v1
1919-142785-0005,reverberation,medium,42,0.9,0.95,3,2,66.6667,1,0.96312,0.959867,0.7325,mendspeech.v1
1919-142785-0005,reverberation,medium,42,0.95,1.0,37,36,97.2973,1,0.96312,0.959867,0.7325,mendspeech.v1
1919-142785-0005,reverberation,severe,42,0.0,0.5,2,0,0.0,1,0.910686,0.830276,0.38954,mendspeech.v1
1919-142785-0005,reverberation,severe,42,0.5,0.7,7,0,0.0,1,0.910686,0.830276,0.38954,mendspeech.v1
1919-142785-0005,reverberation,severe,42,0.7,0.9,22,8,36.3636,1,0.910686,0.830276,0.38954,mendspeech.v1
1919-142785-0005,reverberation,severe,42,0.9,0.95,6,3,50.0,1,0.910686,0.830276,0.38954,mendspeech.v1
1919-142785-0005,reverberation,severe,42,0.95,1.0,12,11,91.6667,1,0.910686,0.830276,0.38954,mendspeech.v1
