clip_id,speaker_id,role,condition,severity,seed,duration_sec,avg_confidence,normalization,reference_words,wer,cer,substitutions,deletions,insertions,total_edits,number_ref_tokens,number_errors,number_rate,negation_ref_tokens,negation_errors,negation_rate,name_ref_tokens,name_errors,name_rate,overall_ref_tokens,overall_errors,overall_rate
1673-143396-0000,spk_1673,calibration,clean,none,-1,14.675,0.9678,mendspeech.v1,40,0.025,0.012658227848101266,1,0,0,1,1,0,0.0,1,0,0.0,0,0,,40,1,0.025
1673-143396-0000,spk_1673,calibration,additive_noise,mild,42,14.675,0.9691,mendspeech.v1,40,0.075,0.02109704641350211,3,0,0,3,1,0,0.0,1,0,0.0,0,0,,40,3,0.075
1673-143396-0000,spk_1673,calibration,additive_noise,medium,42,14.675,0.9274,mendspeech.v1,40,0.25,0.10548523206751055,8,2,0,10,1,0,0.0,1,0,0.0,0,0,,40,10,0.25
1673-143396-0000,spk_1673,calibration,additive_noise,severe,42,14.675,0.8552,mendspeech.v1,40,0.975,0.7805907172995781,17,22,0,39,1,1,1.0,1,1,1.0,0,0,,40,39,0.975
1673-143396-0000,spk_1673,calibration,clipping,mild,42,14.675,0.9687,mendspeech.v1,40,0.025,0.012658227848101266,1,0,0,1,1,0,0.0,1,0,0.0,0,0,,40,1,0.025
1673-143396-0000,spk_1673,calibration,clipping,medium,42,14.675,0.9731,mendspeech.v1,40,0.025,0.012658227848101266,1,0,0,1,1,0,0.0,1,0,0.0,0,0,,40,1,0.025
1673-143396-0000,spk_1673,calibration,clipping,severe,42,14.675,0.9686,mendspeech.v1,40,0.025,0.012658227848101266,1,0,0,1,1,0,0.0,1,0,0.0,0,0,,40,1,0.025
1673-143396-0000,spk_1673,calibration,bandwidth,mild,42,14.675,0.9692,mendspeech.v1,40,0.05,0.016877637130801686,2,0,0,2,1,0,0.0,1,0,0.0,0,0,,40,2,0.05
1673-143396-0000,spk_1673,calibration,bandwidth,medium,42,14.675,0.9623,mendspeech.v1,40,0.05,0.016877637130801686,2,0,0,2,1,0,0.0,1,0,0.0,0,0,,40,2,0.05
1673-143396-0000,spk_1673,calibration,bandwidth,severe,42,14.675,0.9616,mendspeech.v1,40,0.15,0.05063291139240506,6,0,0,6,1,0,0.0,1,0,0.0,0,0,,40,6,0.15
1673-143396-0000,spk_1673,calibration,dropout,mild,42,14.675,0.968,mendspeech.v1,40,0.025,0.012658227848101266,1,0,0,1,1,0,0.0,1,0,0.0,0,0,,40,1,0.025
1673-143396-0000,spk_1673,calibration,dropout,medium,42,14.675,0.97,mendspeech.v1,40,0.025,0.012658227848101266,1,0,0,1,1,0,0.0,1,0,0.0,0,0,,40,1,0.025
1673-143396-0000,spk_1673,calibration,dropout,severe,42,14.675,0.9717,mendspeech.v1,40,0.075,0.0379746835443038,3,0,0,3,1,0,0.0,1,0,0.0,0,0,,40,3,0.075
1673-143396-0000,spk_1673,calibration,reverberation,mild,42,14.675,0.9727,mendspeech.v1,40,0.075,0.02109704641350211,3,0,0,3,1,0,0.0,1,0,0.0,0,0,,40,3,0.075
1673-143396-0000,spk_1673,calibration,reverberation,medium,42,14.675,0.9602,mendspeech.v1,40,0.1,0.02531645569620253,4,0,0,4,1,0,0.0,1,0,0.0,0,0,,40,4,0.1
1673-143396-0000,spk_1673,calibration,reverberation,severe,42,14.675,0.9163,mendspeech.v1,40,0.4,0.25316455696202533,13,3,0,16,1,0,0.0,1,0,0.0,0,0,,40,16,0.4
1673-143396-0001,spk_1673,calibration,clean,none,-1,14.05,0.9692,mendspeech.v1,37,0.0,0.0,0,0,0,0,2,0,0.0,0,0,,0,0,,37,0,0.0
1673-143396-0001,spk_1673,calibration,additive_noise,mild,42,14.05,0.9696,mendspeech.v1,37,0.0,0.0,0,0,0,0,2,0,0.0,0,0,,0,0,,37,0,0.0
1673-143396-0001,spk_1673,calibration,additive_noise,medium,42,14.05,0.9343,mendspeech.v1,37,0.24324324324324326,0.11504424778761062,8,1,0,9,2,1,0.5,0,0,,0,0,,37,9,0.24324324324324326
1673-143396-0001,spk_1673,calibration,additive_noise,severe,42,14.05,0.8714,mendspeech.v1,37,0.972972972972973,0.8893805309734514,7,29,0,36,2,2,1.0,0,0,,0,0,,37,36,0.972972972972973
1673-143396-0001,spk_1673,calibration,clipping,mild,42,14.05,0.9704,mendspeech.v1,37,0.0,0.0,0,0,0,0,2,0,0.0,0,0,,0,0,,37,0,0.0
1673-143396-0001,spk_1673,calibration,clipping,medium,42,14.05,0.9704,mendspeech.v1,37,0.0,0.0,0,0,0,0,2,0,0.0,0,0,,0,0,,37,0,0.0
1673-143396-0001,spk_1673,calibration,clipping,severe,42,14.05,0.9708,mendspeech.v1,37,0.0,0.0,0,0,0,0,2,0,0.0,0,0,,0,0,,37,0,0.0
1673-143396-0001,spk_1673,calibration,bandwidth,mild,42,14.05,0.971,mendspeech.v1,37,0.0,0.0,0,0,0,0,2,0,0.0,0,0,,0,0,,37,0,0.0
1673-143396-0001,spk_1673,calibration,bandwidth,medium,42,14.05,0.9726,mendspeech.v1,37,0.02702702702702703,0.004424778761061947,1,0,0,1,2,0,0.0,0,0,,0,0,,37,1,0.02702702702702703
1673-143396-0001,spk_1673,calibration,bandwidth,severe,42,14.05,0.9642,mendspeech.v1,37,0.16216216216216217,0.05752212389380531,6,0,0,6,2,0,0.0,0,0,,0,0,,37,6,0.16216216216216217
1673-143396-0001,spk_1673,calibration,dropout,mild,42,14.05,0.9697,mendspeech.v1,37,0.0,0.0,0,0,0,0,2,0,0.0,0,0,,0,0,,37,0,0.0
1673-143396-0001,spk_1673,calibration,dropout,medium,42,14.05,0.9693,mendspeech.v1,37,0.0,0.0,0,0,0,0,2,0,0.0,0,0,,0,0,,37,0,0.0
1673-143396-0001,spk_1673,calibration,dropout,severe,42,14.05,0.969,mendspeech.v1,37,0.02702702702702703,0.01327433628318584,1,0,0,1,2,0,0.0,0,0,,0,0,,37,1,0.02702702702702703
1673-143396-0001,spk_1673,calibration,reverberation,mild,42,14.05,0.9742,mendspeech.v1,37,0.02702702702702703,0.008849557522123894,0,1,0,1,2,0,0.0,0,0,,0,0,,37,1,0.02702702702702703
1673-143396-0001,spk_1673,calibration,reverberation,medium,42,14.05,0.9685,mendspeech.v1,37,0.02702702702702703,0.008849557522123894,1,0,0,1,2,0,0.0,0,0,,0,0,,37,1,0.02702702702702703
1673-143396-0001,spk_1673,calibration,reverberation,severe,42,14.05,0.9067,mendspeech.v1,37,0.5135135135135135,0.24336283185840707,18,0,1,19,2,0,0.0,0,0,,0,0,,37,19,0.5135135135135135
1673-143396-0002,spk_1673,calibration,clean,none,-1,7.85,0.9742,mendspeech.v1,19,0.05263157894736842,0.008547008547008548,1,0,0,1,0,0,,0,0,,0,0,,19,1,0.05263157894736842
1673-143396-0002,spk_1673,calibration,additive_noise,mild,42,7.85,0.9702,mendspeech.v1,19,0.05263157894736842,0.008547008547008548,1,0,0,1,0,0,,0,0,,0,0,,19,1,0.05263157894736842
1673-143396-0002,spk_1673,calibration,additive_noise,medium,42,7.85,0.9441,mendspeech.v1,19,0.21052631578947367,0.09401709401709402,3,0,1,4,0,0,,0,0,,0,0,,19,4,0.21052631578947367
1673-143396-0002,spk_1673,calibration,additive_noise,severe,42,7.85,0.8326,mendspeech.v1,19,0.9473684210526315,0.7606837606837606,12,6,0,18,0,0,,0,0,,0,0,,19,18,0.9473684210526315
1673-143396-0002,spk_1673,calibration,clipping,mild,42,7.85,0.9743,mendspeech.v1,19,0.05263157894736842,0.008547008547008548,1,0,0,1,0,0,,0,0,,0,0,,19,1,0.05263157894736842
1673-143396-0002,spk_1673,calibration,clipping,medium,42,7.85,0.9734,mendspeech.v1,19,0.05263157894736842,0.008547008547008548,1,0,0,1,0,0,,0,0,,0,0,,19,1,0.05263157894736842
1673-143396-0002,spk_1673,calibration,clipping,severe,42,7.85,0.9706,mendspeech.v1,19,0.05263157894736842,0.008547008547008548,1,0,0,1,0,0,,0,0,,0,0,,19,1,0.05263157894736842
1673-143396-0002,spk_1673,calibration,bandwidth,mild,42,7.85,0.9757,mendspeech.v1,19,0.05263157894736842,0.008547008547008548,1,0,0,1,0,0,,0,0,,0,0,,19,1,0.05263157894736842
1673-143396-0002,spk_1673,calibration,bandwidth,medium,42,7.85,0.9753,mendspeech.v1,19,0.05263157894736842,0.008547008547008548,1,0,0,1,0,0,,0,0,,0,0,,19,1,0.05263157894736842
1673-143396-0002,spk_1673,calibration,bandwidth,severe,42,7.85,0.972,mendspeech.v1,19,0.0,0.0,0,0,0,0,0,0,,0,0,,0,0,,19,0,0.0
1673-143396-0002,spk_1673,calibration,dropout,mild,42,7.85,0.9717,mendspeech.v1,19,0.05263157894736842,0.008547008547008548,1,0,0,1,0,0,,0,0,,0,0,,19,1,0.05263157894736842
1673-143396-0002,spk_1673,calibration,dropout,medium,42,7.85,0.9743,mendspeech.v1,19,0.05263157894736842,0.008547008547008548,1,0,0,1,0,0,,0,0,,0,0,,19,1,0.05263157894736842
1673-143396-0002,spk_1673,calibration,dropout,severe,42,7.85,0.966,mendspeech.v1,19,0.21052631578947367,0.11965811965811966,1,3,0,4,0,0,,0,0,,0,0,,19,4,0.21052631578947367
1673-143396-0002,spk_1673,calibration,reverberation,mild,42,7.85,0.9768,mendspeech.v1,19,0.05263157894736842,0.008547008547008548,1,0,0,1,0,0,,0,0,,0,0,,19,1,0.05263157894736842
1673-143396-0002,spk_1673,calibration,reverberation,medium,42,7.85,0.9738,mendspeech.v1,19,0.05263157894736842,0.017094017094017096,1,0,0,1,0,0,,0,0,,0,0,,19,1,0.05263157894736842
1673-143396-0002,spk_1673,calibration,reverberation,severe,42,7.85,0.9008,mendspeech.v1,19,0.42105263157894735,0.23076923076923078,6,2,0,8,0,0,,0,0,,0,0,,19,8,0.42105263157894735
1673-143396-0003,spk_1673,calibration,clean,none,-1,11.355,0.9733,mendspeech.v1,32,0.0,0.0,0,0,0,0,0,0,,0,0,,0,0,,32,0,0.0
1673-143396-0003,spk_1673,calibration,additive_noise,mild,42,11.355,0.9698,mendspeech.v1,32,0.0,0.0,0,0,0,0,0,0,,0,0,,0,0,,32,0,0.0
1673-143396-0003,spk_1673,calibration,additive_noise,medium,42,11.355,0.9521,mendspeech.v1,32,0.25,0.09523809523809523,6,2,0,8,0,0,,0,0,,0,0,,32,8,0.25
1673-143396-0003,spk_1673,calibration,additive_noise,severe,42,11.355,0.8171,mendspeech.v1,32,0.90625,0.7261904761904762,22,7,0,29,0,0,,0,0,,0,0,,32,29,0.90625
1673-143396-0003,spk_1673,calibration,clipping,mild,42,11.355,0.9741,mendspeech.v1,32,0.0,0.0,0,0,0,0,0,0,,0,0,,0,0,,32,0,0.0
1673-143396-0003,spk_1673,calibration,clipping,medium,42,11.355,0.974,mendspeech.v1,32,0.0,0.0,0,0,0,0,0,0,,0,0,,0,0,,32,0,0.0
1673-143396-0003,spk_1673,calibration,clipping,severe,42,11.355,0.9742,mendspeech.v1,32,0.0,0.0,0,0,0,0,0,0,,0,0,,0,0,,32,0,0.0
1673-143396-0003,spk_1673,calibration,bandwidth,mild,42,11.355,0.9776,mendspeech.v1,32,0.0,0.0,0,0,0,0,0,0,,0,0,,0,0,,32,0,0.0
1673-143396-0003,spk_1673,calibration,bandwidth,medium,42,11.355,0.9737,mendspeech.v1,32,0.0,0.0,0,0,0,0,0,0,,0,0,,0,0,,32,0,0.0
1673-143396-0003,spk_1673,calibration,bandwidth,severe,42,11.355,0.9775,mendspeech.v1,32,0.0,0.0,0,0,0,0,0,0,,0,0,,0,0,,32,0,0.0
1673-143396-0003,spk_1673,calibration,dropout,mild,42,11.355,0.9743,mendspeech.v1,32,0.0,0.0,0,0,0,0,0,0,,0,0,,0,0,,32,0,0.0
1673-143396-0003,spk_1673,calibration,dropout,medium,42,11.355,0.9736,mendspeech.v1,32,0.0,0.0,0,0,0,0,0,0,,0,0,,0,0,,32,0,0.0
1673-143396-0003,spk_1673,calibration,dropout,severe,42,11.355,0.9746,mendspeech.v1,32,0.03125,0.02976190476190476,0,1,0,1,0,0,,0,0,,0,0,,32,1,0.03125
1673-143396-0003,spk_1673,calibration,reverberation,mild,42,11.355,0.9781,mendspeech.v1,32,0.0,0.0,0,0,0,0,0,0,,0,0,,0,0,,32,0,0.0
1673-143396-0003,spk_1673,calibration,reverberation,medium,42,11.355,0.9683,mendspeech.v1,32,0.03125,0.005952380952380952,1,0,0,1,0,0,,0,0,,0,0,,32,1,0.03125
1673-143396-0003,spk_1673,calibration,reverberation,severe,42,11.355,0.904,mendspeech.v1,32,0.5,0.2619047619047619,13,3,0,16,0,0,,0,0,,0,0,,32,16,0.5
1673-143396-0004,spk_1673,calibration,clean,none,-1,19.915,0.9697,mendspeech.v1,60,0.0,0.0,0,0,0,0,0,0,,0,0,,0,0,,60,0,0.0
1673-143396-0004,spk_1673,calibration,additive_noise,mild,42,19.915,0.9728,mendspeech.v1,60,0.0,0.0,0,0,0,0,0,0,,0,0,,0,0,,60,0,0.0
1673-143396-0004,spk_1673,calibration,additive_noise,medium,42,19.915,0.9084,mendspeech.v1,60,0.35,0.14953271028037382,17,1,3,21,0,0,,0,0,,0,0,,60,21,0.35
1673-143396-0004,spk_1673,calibration,additive_noise,severe,42,19.915,0.8831,mendspeech.v1,60,1.0,0.9190031152647975,9,51,0,60,0,0,,0,0,,0,0,,60,60,1.0
1673-143396-0004,spk_1673,calibration,clipping,mild,42,19.915,0.9699,mendspeech.v1,60,0.0,0.0,0,0,0,0,0,0,,0,0,,0,0,,60,0,0.0
1673-143396-0004,spk_1673,calibration,clipping,medium,42,19.915,0.9703,mendspeech.v1,60,0.0,0.0,0,0,0,0,0,0,,0,0,,0,0,,60,0,0.0
1673-143396-0004,spk_1673,calibration,clipping,severe,42,19.915,0.9686,mendspeech.v1,60,0.0,0.0,0,0,0,0,0,0,,0,0,,0,0,,60,0,0.0
1673-143396-0004,spk_1673,calibration,bandwidth,mild,42,19.915,0.9727,mendspeech.v1,60,0.0,0.0,0,0,0,0,0,0,,0,0,,0,0,,60,0,0.0
1673-143396-0004,spk_1673,calibration,bandwidth,medium,42,19.915,0.9685,mendspeech.v1,60,0.016666666666666666,0.003115264797507788,1,0,0,1,0,0,,0,0,,0,0,,60,1,0.016666666666666666
1673-143396-0004,spk_1673,calibration,bandwidth,severe,42,19.915,0.9642,mendspeech.v1,60,0.06666666666666667,0.024922118380062305,4,0,0,4,0,0,,0,0,,0,0,,60,4,0.06666666666666667
1673-143396-0004,spk_1673,calibration,dropout,mild,42,19.915,0.9697,mendspeech.v1,60,0.0,0.0,0,0,0,0,0,0,,0,0,,0,0,,60,0,0.0
1673-143396-0004,spk_1673,calibration,dropout,medium,42,19.915,0.9692,mendspeech.v1,60,0.0,0.0,0,0,0,0,0,0,,0,0,,0,0,,60,0,0.0
1673-143396-0004,spk_1673,calibration,dropout,severe,42,19.915,0.9671,mendspeech.v1,60,0.05,0.028037383177570093,1,2,0,3,0,0,,0,0,,0,0,,60,3,0.05
1673-143396-0004,spk_1673,calibration,reverberation,mild,42,19.915,0.976,mendspeech.v1,60,0.0,0.0,0,0,0,0,0,0,,0,0,,0,0,,60,0,0.0
1673-143396-0004,spk_1673,calibration,reverberation,medium,42,19.915,0.9623,mendspeech.v1,60,0.03333333333333333,0.021806853582554516,1,1,0,2,0,0,,0,0,,0,0,,60,2,0.03333333333333333
1673-143396-0004,spk_1673,calibration,reverberation,severe,42,19.915,0.9131,mendspeech.v1,60,0.45,0.2585669781931464,20,7,0,27,0,0,,0,0,,0,0,,60,27,0.45
1673-143396-0005,spk_1673,calibration,clean,none,-1,11.74,0.9748,mendspeech.v1,34,0.0,0.0,0,0,0,0,0,0,,0,0,,0,0,,34,0,0.0
1673-143396-0005,spk_1673,calibration,additive_noise,mild,42,11.74,0.9768,mendspeech.v1,34,0.0,0.0,0,0,0,0,0,0,,0,0,,0,0,,34,0,0.0
1673-143396-0005,spk_1673,calibration,additive_noise,medium,42,11.74,0.9675,mendspeech.v1,34,0.058823529411764705,0.010526315789473684,2,0,0,2,0,0,,0,0,,0,0,,34,2,0.058823529411764705
1673-143396-0005,spk_1673,calibration,additive_noise,severe,42,11.74,0.8076,mendspeech.v1,34,0.9411764705882353,0.7105263157894737,14,18,0,32,0,0,,0,0,,0,0,,34,32,0.9411764705882353
1673-143396-0005,spk_1673,calibration,clipping,mild,42,11.74,0.9752,mendspeech.v1,34,0.0,0.0,0,0,0,0,0,0,,0,0,,0,0,,34,0,0.0
1673-143396-0005,spk_1673,calibration,clipping,medium,42,11.74,0.9785,mendspeech.v1,34,0.0,0.0,0,0,0,0,0,0,,0,0,,0,0,,34,0,0.0
1673-143396-0005,spk_1673,calibration,clipping,severe,42,11.74,0.9783,mendspeech.v1,34,0.0,0.0,0,0,0,0,0,0,,0,0,,0,0,,34,0,0.0
1673-143396-0005,spk_1673,calibration,bandwidth,mild,42,11.74,0.98,mendspeech.v1,34,0.0,0.0,0,0,0,0,0,0,,0,0,,0,0,,34,0,0.0
1673-143396-0005,spk_1673,calibration,bandwidth,medium,42,11.74,0.98,mendspeech.v1,34,0.0,0.0,0,0,0,0,0,0,,0,0,,0,0,,34,0,0.0
1673-143396-0005,spk_1673,calibration,bandwidth,severe,42,11.74,0.9692,mendspeech.v1,34,0.08823529411764706,0.03684210526315789,3,0,0,3,0,0,,0,0,,0,0,,34,3,0.08823529411764706
1673-143396-0005,spk_1673,calibration,dropout,mild,42,11.74,0.9736,mendspeech.v1,34,0.0,0.0,0,0,0,0,0,0,,0,0,,0,0,,34,0,0.0
1673-143396-0005,spk_1673,calibration,dropout,medium,42,11.74,0.9725,mendspeech.v1,34,0.0,0.0,0,0,0,0,0,0,,0,0,,0,0,,34,0,0.0
1673-143396-0005,spk_1673,calibration,dropout,severe,42,11.74,0.9673,mendspeech.v1,34,0.029411764705882353,0.02631578947368421,1,0,0,1,0,0,,0,0,,0,0,,34,1,0.029411764705882353
1673-143396-0005,spk_1673,calibration,reverberation,mild,42,11.74,0.9727,mendspeech.v1,34,0.0,0.0,0,0,0,0,0,0,,0,0,,0,0,,34,0,0.0
1673-143396-0005,spk_1673,calibration,reverberation,medium,42,11.74,0.9718,mendspeech.v1,34,0.0,0.0,0,0,0,0,0,0,,0,0,,0,0,,34,0,0.0
1673-143396-0005,spk_1673,calibration,reverberation,severe,42,11.74,0.892,mendspeech.v1,34,0.5882352941176471,0.3631578947368421,10,10,0,20,0,0,,0,0,,0,0,,34,20,0.5882352941176471
1919-142785-0000,spk_1919,validation,clean,none,-1,2.66,0.985,mendspeech.v1,3,0.0,0.0,0,0,0,0,0,0,,0,0,,0,0,,3,0,0.0
1919-142785-0000,spk_1919,validation,additive_noise,mild,42,2.66,0.9862,mendspeech.v1,3,0.0,0.0,0,0,0,0,0,0,,0,0,,0,0,,3,0,0.0
1919-142785-0000,spk_1919,validation,additive_noise,medium,42,2.66,0.9812,mendspeech.v1,3,0.0,0.0,0,0,0,0,0,0,,0,0,,0,0,,3,0,0.0
1919-142785-0000,spk_1919,validation,additive_noise,severe,42,2.66,0.9404,mendspeech.v1,3,0.3333333333333333,0.041666666666666664,1,0,0,1,0,0,,0,0,,0,0,,3,1,0.3333333333333333
1919-142785-0000,spk_1919,validation,clipping,mild,42,2.66,0.985,mendspeech.v1,3,0.0,0.0,0,0,0,0,0,0,,0,0,,0,0,,3,0,0.0
1919-142785-0000,spk_1919,validation,clipping,medium,42,2.66,0.9855,mendspeech.v1,3,0.0,0.0,0,0,0,0,0,0,,0,0,,0,0,,3,0,0.0
1919-142785-0000,spk_1919,validation,clipping,severe,42,2.66,0.9884,mendspeech.v1,3,0.0,0.0,0,0,0,0,0,0,,0,0,,0,0,,3,0,0.0
1919-142785-0000,spk_1919,validation,bandwidth,mild,42,2.66,0.9892,mendspeech.v1,3,0.0,0.0,0,0,0,0,0,0,,0,0,,0,0,,3,0,0.0
1919-142785-0000,spk_1919,validation,bandwidth,medium,42,2.66,0.9853,mendspeech.v1,3,0.0,0.0,0,0,0,0,0,0,,0,0,,0,0,,3,0,0.0
1919-142785-0000,spk_1919,validation,bandwidth,severe,42,2.66,0.9473,mendspeech.v1,3,1.0,0.2916666666666667,1,0,2,3,0,0,,0,0,,0,0,,3,3,1.0
1919-142785-0000,spk_1919,validation,dropout,mild,42,2.66,0.9864,mendspeech.v1,3,0.0,0.0,0,0,0,0,0,0,,0,0,,0,0,,3,0,0.0
1919-142785-0000,spk_1919,validation,dropout,medium,42,2.66,0.9885,mendspeech.v1,3,0.0,0.0,0,0,0,0,0,0,,0,0,,0,0,,3,0,0.0
1919-142785-0000,spk_1919,validation,dropout,severe,42,2.66,0.9829,mendspeech.v1,3,0.6666666666666666,0.5,0,2,0,2,0,0,,0,0,,0,0,,3,2,0.6666666666666666
1919-142785-0000,spk_1919,validation,reverberation,mild,42,2.66,0.9838,mendspeech.v1,3,0.0,0.0,0,0,0,0,0,0,,0,0,,0,0,,3,0,0.0
1919-142785-0000,spk_1919,validation,reverberation,medium,42,2.66,0.9788,mendspeech.v1,3,0.0,0.0,0,0,0,0,0,0,,0,0,,0,0,,3,0,0.0
1919-142785-0000,spk_1919,validation,reverberation,severe,42,2.66,0.9584,mendspeech.v1,3,0.3333333333333333,0.16666666666666666,1,0,0,1,0,0,,0,0,,0,0,,3,1,0.3333333333333333
1919-142785-0001,spk_1919,validation,clean,none,-1,11.05,0.97,mendspeech.v1,32,0.03125,0.00558659217877095,1,0,0,1,1,0,0.0,0,0,,0,0,,32,1,0.03125
1919-142785-0001,spk_1919,validation,additive_noise,mild,42,11.05,0.9641,mendspeech.v1,32,0.0625,0.0111731843575419,2,0,0,2,1,0,0.0,0,0,,0,0,,32,2,0.0625
1919-142785-0001,spk_1919,validation,additive_noise,medium,42,11.05,0.9576,mendspeech.v1,32,0.15625,0.0335195530726257,5,0,0,5,1,0,0.0,0,0,,0,0,,32,5,0.15625
1919-142785-0001,spk_1919,validation,additive_noise,severe,42,11.05,0.7803,mendspeech.v1,32,1.0,0.5977653631284916,30,0,2,32,1,1,1.0,0,0,,0,0,,32,32,1.0
1919-142785-0001,spk_1919,validation,clipping,mild,42,11.05,0.9701,mendspeech.v1,32,0.03125,0.00558659217877095,1,0,0,1,1,0,0.0,0,0,,0,0,,32,1,0.03125
1919-142785-0001,spk_1919,validation,clipping,medium,42,11.05,0.97,mendspeech.v1,32,0.03125,0.00558659217877095,1,0,0,1,1,0,0.0,0,0,,0,0,,32,1,0.03125
1919-142785-0001,spk_1919,validation,clipping,severe,42,11.05,0.967,mendspeech.v1,32,0.0625,0.0111731843575419,2,0,0,2,1,0,0.0,0,0,,0,0,,32,2,0.0625
1919-142785-0001,spk_1919,validation,bandwidth,mild,42,11.05,0.9669,mendspeech.v1,32,0.03125,0.00558659217877095,1,0,0,1,1,0,0.0,0,0,,0,0,,32,1,0.03125
1919-142785-0001,spk_1919,validation,bandwidth,medium,42,11.05,0.9705,mendspeech.v1,32,0.0625,0.0111731843575419,2,0,0,2,1,0,0.0,0,0,,0,0,,32,2,0.0625
1919-142785-0001,spk_1919,validation,bandwidth,severe,42,11.05,0.9707,mendspeech.v1,32,0.125,0.0335195530726257,4,0,0,4,1,0,0.0,0,0,,0,0,,32,4,0.125
1919-142785-0001,spk_1919,validation,dropout,mild,42,11.05,0.9694,mendspeech.v1,32,0.03125,0.00558659217877095,1,0,0,1,1,0,0.0,0,0,,0,0,,32,1,0.03125
1919-142785-0001,spk_1919,validation,dropout,medium,42,11.05,0.9663,mendspeech.v1,32,0.03125,0.00558659217877095,1,0,0,1,1,0,0.0,0,0,,0,0,,32,1,0.03125
1919-142785-0001,spk_1919,validation,dropout,severe,42,11.05,0.9588,mendspeech.v1,32,0.09375,0.0446927374301676,3,0,0,3,1,0,0.0,0,0,,0,0,,32,3,0.09375
1919-142785-0001,spk_1919,validation,reverberation,mild,42,11.05,0.9618,mendspeech.v1,32,0.09375,0.01675977653631285,2,1,0,3,1,0,0.0,0,0,,0,0,,32,3,0.09375
1919-142785-0001,spk_1919,validation,reverberation,medium,42,11.05,0.9463,mendspeech.v1,32,0.15625,0.0670391061452514,4,1,0,5,1,0,0.0,0,0,,0,0,,32,5,0.15625
1919-142785-0001,spk_1919,validation,reverberation,severe,42,11.05,0.8965,mendspeech.v1,32,0.59375,0.3016759776536313,15,4,0,19,1,0,0.0,0,0,,0,0,,32,19,0.59375
1919-142785-0002,spk_1919,validation,clean,none,-1,10.26,0.9712,mendspeech.v1,27,0.037037037037037035,0.006578947368421052,1,0,0,1,0,0,,2,0,0.0,0,0,,27,1,0.037037037037037035
1919-142785-0002,spk_1919,validation,additive_noise,mild,42,10.26,0.9674,mendspeech.v1,27,0.037037037037037035,0.006578947368421052,1,0,0,1,0,0,,2,0,0.0,0,0,,27,1,0.037037037037037035
1919-142785-0002,spk_1919,validation,additive_noise,medium,42,10.26,0.9618,mendspeech.v1,27,0.07407407407407407,0.02631578947368421,2,0,0,2,0,0,,2,0,0.0,0,0,,27,2,0.07407407407407407
1919-142785-0002,spk_1919,validation,additive_noise,severe,42,10.26,0.848,mendspeech.v1,27,0.9259259259259259,0.6710526315789473,16,9,0,25,0,0,,2,2,1.0,0,0,,27,25,0.9259259259259259
1919-142785-0002,spk_1919,validation,clipping,mild,42,10.26,0.9712,mendspeech.v1,27,0.037037037037037035,0.006578947368421052,1,0,0,1,0,0,,2,0,0.0,0,0,,27,1,0.037037037037037035
1919-142785-0002,spk_1919,validation,clipping,medium,42,10.26,0.9712,mendspeech.v1,27,0.037037037037037035,0.006578947368421052,1,0,0,1,0,0,,2,0,0.0,0,0,,27,1,0.037037037037037035
1919-142785-0002,spk_1919,validation,clipping,severe,42,10.26,0.9695,mendspeech.v1,27,0.037037037037037035,0.006578947368421052,1,0,0,1,0,0,,2,0,0.0,0,0,,27,1,0.037037037037037035
1919-142785-0002,spk_1919,validation,bandwidth,mild,42,10.26,0.9656,mendspeech.v1,27,0.037037037037037035,0.006578947368421052,1,0,0,1,0,0,,2,0,0.0,0,0,,27,1,0.037037037037037035
1919-142785-0002,spk_1919,validation,bandwidth,medium,42,10.26,0.9685,mendspeech.v1,27,0.037037037037037035,0.006578947368421052,1,0,0,1,0,0,,2,0,0.0,0,0,,27,1,0.037037037037037035
1919-142785-0002,spk_1919,validation,bandwidth,severe,42,10.26,0.9697,mendspeech.v1,27,0.037037037037037035,0.013157894736842105,1,0,0,1,0,0,,2,0,0.0,0,0,,27,1,0.037037037037037035
1919-142785-0002,spk_1919,validation,dropout,mild,42,10.26,0.9699,mendspeech.v1,27,0.037037037037037035,0.006578947368421052,1,0,0,1,0,0,,2,0,0.0,0,0,,27,1,0.037037037037037035
1919-142785-0002,spk_1919,validation,dropout,medium,42,10.26,0.9722,mendspeech.v1,27,0.037037037037037035,0.006578947368421052,1,0,0,1,0,0,,2,0,0.0,0,0,,27,1,0.037037037037037035
1919-142785-0002,spk_1919,validation,dropout,severe,42,10.26,0.9623,mendspeech.v1,27,0.1111111111111111,0.06578947368421052,2,1,0,3,0,0,,2,0,0.0,0,0,,27,3,0.1111111111111111
1919-142785-0002,spk_1919,validation,reverberation,mild,42,10.26,0.9698,mendspeech.v1,27,0.037037037037037035,0.006578947368421052,1,0,0,1,0,0,,2,0,0.0,0,0,,27,1,0.037037037037037035
1919-142785-0002,spk_1919,validation,reverberation,medium,42,10.26,0.97,mendspeech.v1,27,0.037037037037037035,0.013157894736842105,1,0,0,1,0,0,,2,0,0.0,0,0,,27,1,0.037037037037037035
1919-142785-0002,spk_1919,validation,reverberation,severe,42,10.26,0.9301,mendspeech.v1,27,0.4444444444444444,0.23026315789473684,6,6,0,12,0,0,,2,0,0.0,0,0,,27,12,0.4444444444444444
1919-142785-0003,spk_1919,validation,clean,none,-1,5.405,0.9833,mendspeech.v1,15,0.0,0.0,0,0,0,0,0,0,,1,0,0.0,0,0,,15,0,0.0
1919-142785-0003,spk_1919,validation,additive_noise,mild,42,5.405,0.9792,mendspeech.v1,15,0.0,0.0,0,0,0,0,0,0,,1,0,0.0,0,0,,15,0,0.0
1919-142785-0003,spk_1919,validation,additive_noise,medium,42,5.405,0.9697,mendspeech.v1,15,0.0,0.0,0,0,0,0,0,0,,1,0,0.0,0,0,,15,0,0.0
1919-142785-0003,spk_1919,validation,additive_noise,severe,42,5.405,0.8326,mendspeech.v1,15,0.8666666666666667,0.44,13,0,0,13,0,0,,1,1,1.0,0,0,,15,13,0.8666666666666667
1919-142785-0003,spk_1919,validation,clipping,mild,42,5.405,0.9833,mendspeech.v1,15,0.0,0.0,0,0,0,0,0,0,,1,0,0.0,0,0,,15,0,0.0
1919-142785-0003,spk_1919,validation,clipping,medium,42,5.405,0.9843,mendspeech.v1,15,0.0,0.0,0,0,0,0,0,0,,1,0,0.0,0,0,,15,0,0.0
1919-142785-0003,spk_1919,validation,clipping,severe,42,5.405,0.9881,mendspeech.v1,15,0.0,0.0,0,0,0,0,0,0,,1,0,0.0,0,0,,15,0,0.0
1919-142785-0003,spk_1919,validation,bandwidth,mild,42,5.405,0.9804,mendspeech.v1,15,0.0,0.0,0,0,0,0,0,0,,1,0,0.0,0,0,,15,0,0.0
1919-142785-0003,spk_1919,validation,bandwidth,medium,42,5.405,0.9825,mendspeech.v1,15,0.0,0.0,0,0,0,0,0,0,,1,0,0.0,0,0,,15,0,0.0
1919-142785-0003,spk_1919,validation,bandwidth,severe,42,5.405,0.9762,mendspeech.v1,15,0.0,0.0,0,0,0,0,0,0,,1,0,0.0,0,0,,15,0,0.0
1919-142785-0003,spk_1919,validation,dropout,mild,42,5.405,0.9815,mendspeech.v1,15,0.0,0.0,0,0,0,0,0,0,,1,0,0.0,0,0,,15,0,0.0
1919-142785-0003,spk_1919,validation,dropout,medium,42,5.405,0.9818,mendspeech.v1,15,0.0,0.0,0,0,0,0,0,0,,1,0,0.0,0,0,,15,0,0.0
1919-142785-0003,spk_1919,validation,dropout,severe,42,5.405,0.9638,mendspeech.v1,15,0.06666666666666667,0.02666666666666667,1,0,0,1,0,0,,1,0,0.0,0,0,,15,1,0.06666666666666667
1919-142785-0003,spk_1919,validation,reverberation,mild,42,5.405,0.9814,mendspeech.v1,15,0.0,0.0,0,0,0,0,0,0,,1,0,0.0,0,0,,15,0,0.0
1919-142785-0003,spk_1919,validation,reverberation,medium,42,5.405,0.9673,mendspeech.v1,15,0.06666666666666667,0.013333333333333334,1,0,0,1,0,0,,1,0,0.0,0,0,,15,1,0.06666666666666667
1919-142785-0003,spk_1919,validation,reverberation,severe,42,5.405,0.9217,mendspeech.v1,15,0.4,0.14666666666666667,6,0,0,6,0,0,,1,1,1.0,0,0,,15,6,0.4
1919-142785-0004,spk_1919,validation,clean,none,-1,8.17,0.9832,mendspeech.v1,25,0.0,0.0,0,0,0,0,0,0,,1,0,0.0,0,0,,25,0,0.0
1919-142785-0004,spk_1919,validation,additive_noise,mild,42,8.17,0.9803,mendspeech.v1,25,0.0,0.0,0,0,0,0,0,0,,1,0,0.0,0,0,,25,0,0.0
1919-142785-0004,spk_1919,validation,additive_noise,medium,42,8.17,0.9828,mendspeech.v1,25,0.0,0.0,0,0,0,0,0,0,,1,0,0.0,0,0,,25,0,0.0
1919-142785-0004,spk_1919,validation,additive_noise,severe,42,8.17,0.908,mendspeech.v1,25,0.56,0.4107142857142857,8,6,0,14,0,0,,1,0,0.0,0,0,,25,14,0.56
1919-142785-0004,spk_1919,validation,clipping,mild,42,8.17,0.9832,mendspeech.v1,25,0.0,0.0,0,0,0,0,0,0,,1,0,0.0,0,0,,25,0,0.0
1919-142785-0004,spk_1919,validation,clipping,medium,42,8.17,0.9828,mendspeech.v1,25,0.0,0.0,0,0,0,0,0,0,,1,0,0.0,0,0,,25,0,0.0
1919-142785-0004,spk_1919,validation,clipping,severe,42,8.17,0.983,mendspeech.v1,25,0.0,0.0,0,0,0,0,0,0,,1,0,0.0,0,0,,25,0,0.0
1919-142785-0004,spk_1919,validation,bandwidth,mild,42,8.17,0.9813,mendspeech.v1,25,0.0,0.0,0,0,0,0,0,0,,1,0,0.0,0,0,,25,0,0.0
1919-142785-0004,spk_1919,validation,bandwidth,medium,42,8.17,0.9832,mendspeech.v1,25,0.0,0.0,0,0,0,0,0,0,,1,0,0.0,0,0,,25,0,0.0
1919-142785-0004,spk_1919,validation,bandwidth,severe,42,8.17,0.9766,mendspeech.v1,25,0.0,0.0,0,0,0,0,0,0,,1,0,0.0,0,0,,25,0,0.0
1919-142785-0004,spk_1919,validation,dropout,mild,42,8.17,0.9799,mendspeech.v1,25,0.0,0.0,0,0,0,0,0,0,,1,0,0.0,0,0,,25,0,0.0
1919-142785-0004,spk_1919,validation,dropout,medium,42,8.17,0.984,mendspeech.v1,25,0.0,0.0,0,0,0,0,0,0,,1,0,0.0,0,0,,25,0,0.0
1919-142785-0004,spk_1919,validation,dropout,severe,42,8.17,0.9656,mendspeech.v1,25,0.12,0.03571428571428571,1,1,1,3,0,0,,1,0,0.0,0,0,,25,3,0.12
1919-142785-0004,spk_1919,validation,reverberation,mild,42,8.17,0.9789,mendspeech.v1,25,0.0,0.0,0,0,0,0,0,0,,1,0,0.0,0,0,,25,0,0.0
1919-142785-0004,spk_1919,validation,reverberation,medium,42,8.17,0.975,mendspeech.v1,25,0.0,0.0,0,0,0,0,0,0,,1,0,0.0,0,0,,25,0,0.0
1919-142785-0004,spk_1919,validation,reverberation,severe,42,8.17,0.9229,mendspeech.v1,25,0.48,0.22321428571428573,10,2,0,12,0,0,,1,0,0.0,0,0,,25,12,0.48
1919-142785-0005,spk_1919,validation,clean,none,-1,18.86,0.9724,mendspeech.v1,50,0.0,0.0,0,0,0,0,2,0,0.0,0,0,,0,0,,50,0,0.0
1919-142785-0005,spk_1919,validation,additive_noise,mild,42,18.86,0.9681,mendspeech.v1,50,0.02,0.0036900369003690036,1,0,0,1,2,0,0.0,0,0,,0,0,,50,1,0.02
1919-142785-0005,spk_1919,validation,additive_noise,medium,42,18.86,0.9614,mendspeech.v1,50,0.06,0.01107011070110701,3,0,0,3,2,0,0.0,0,0,,0,0,,50,3,0.06
1919-142785-0005,spk_1919,validation,additive_noise,severe,42,18.86,0.8123,mendspeech.v1,50,0.98,0.6273062730627307,48,0,1,49,2,2,1.0,0,0,,0,0,,50,49,0.98
1919-142785-0005,spk_1919,validation,clipping,mild,42,18.86,0.9724,mendspeech.v1,50,0.0,0.0,0,0,0,0,2,0,0.0,0,0,,0,0,,50,0,0.0
1919-142785-0005,spk_1919,validation,clipping,medium,42,18.86,0.9724,mendspeech.v1,50,0.0,0.0,0,0,0,0,2,0,0.0,0,0,,0,0,,50,0,0.0
1919-142785-0005,spk_1919,validation,clipping,severe,42,18.86,0.97,mendspeech.v1,50,0.0,0.0,0,0,0,0,2,0,0.0,0,0,,0,0,,50,0,0.0
1919-142785-0005,spk_1919,validation,bandwidth,mild,42,18.86,0.9687,mendspeech.v1,50,0.02,0.01107011070110701,1,0,0,1,2,0,0.0,0,0,,0,0,,50,1,0.02
1919-142785-0005,spk_1919,validation,bandwidth,medium,42,18.86,0.9718,mendspeech.v1,50,0.02,0.01107011070110701,1,0,0,1,2,0,0.0,0,0,,0,0,,50,1,0.02
1919-142785-0005,spk_1919,validation,bandwidth,severe,42,18.86,0.9645,mendspeech.v1,50,0.12,0.04428044280442804,5,1,0,6,2,0,0.0,0,0,,0,0,,50,6,0.12
1919-142785-0005,spk_1919,validation,dropout,mild,42,18.86,0.9722,mendspeech.v1,50,0.0,0.0,0,0,0,0,2,0,0.0,0,0,,0,0,,50,0,0.0
1919-142785-0005,spk_1919,validation,dropout,medium,42,18.86,0.9719,mendspeech.v1,50,0.0,0.0,0,0,0,0,2,0,0.0,0,0,,0,0,,50,0,0.0
1919-142785-0005,spk_1919,validation,dropout,severe,42,18.86,0.9719,mendspeech.v1,50,0.08,0.04059040590405904,2,2,0,4,2,0,0.0,0,0,,0,0,,50,4,0.08
1919-142785-0005,spk_1919,validation,reverberation,mild,42,18.86,0.9728,mendspeech.v1,50,0.0,0.0,0,0,0,0,2,0,0.0,0,0,,0,0,,50,0,0.0
1919-142785-0005,spk_1919,validation,reverberation,medium,42,18.86,0.9631,mendspeech.v1,50,0.14,0.04428044280442804,6,1,0,7,2,0,0.0,0,0,,0,0,,50,7,0.14
1919-142785-0005,spk_1919,validation,reverberation,severe,42,18.86,0.9107,mendspeech.v1,50,0.58,0.31365313653136534,27,1,1,29,2,0,0.0,0,0,,0,0,,50,29,0.58
